[
   {
      "timestamp": "Nov 30, 2022 10.45 AM",
      "author": {
         "email": "mati@gmail.com",
         "nombre": "matias",
         "apellido": "bianchi"
      },
      "mensaje": "Buenas como andas?",
      "id": 1
   },
   {
      "author": {
         "email": "majo@gmail.com",
         "nombre": "Maria Jose",
         "apellido": "Luchino"
      },
      "mensaje": "Todo bien, vos?",
      "timestamp": "Nov 30, 2022 10.46 AM",
      "id": 2
   },
   {
      "author": {
         "email": "mati@gmail.com",
         "nombre": "matias",
         "apellido": "bianchi"
      },
      "mensaje": "Todo tranqui",
      "timestamp": "Nov 30, 2022 10.47 AM",
      "id": 3
   },
   {
      "author": {
         "email": "mati@gmail.com",
         "nombre": "matias",
         "apellido": "bianchi"
      },
      "mensaje": "Prueba 1",
      "timestamp": "Nov 30, 2022 10.48 AM",
      "id": 4
   },
   {
      "author": {
         "email": "majo@gmail.com",
         "nombre": "Maria Jose",
         "apellido": "Luchino"
      },
      "mensaje": "Prueba 2",
      "timestamp": "Nov 30, 2022 10.49 AM",
      "id": 5
   },
   {
      "author": {
         "email": "majo@gmail.com",
         "nombre": "Maria Jose",
         "apellido": "Luchino"
      },
      "mensaje": "Prueba 3",
      "timestamp": "Nov 30, 2022 10.50 AM",
      "id": 6
   },
   {
      "socketid": "ATZEcvP_-gxU09D4AAAM",
      "timestamp": "Jan 1, 2023 6:54 PM",
      "author": {
         "email": "mati@gmail.com",
         "nombre": "Matias",
         "apellido": "Bianchi"
      },
      "mensaje": "Prueba 4",
      "id": 7
   },
   {
      "socketid": "lWmwtTuoFHFX-nJrAAAF",
      "timestamp": "Jan 8, 2023 11:42 AM",
      "author": {
         "email": "mati@gmail.com",
         "nombre": "Matias",
         "apellido": "Bianchi"
      },
      "mensaje": "Prueba 5",
      "id": 8
   }
]